01 5786 Vayelech,https://raw.githubusercontent.com/rubin9family/newsletters/main/5786/1%205786%20Vayelech.pdf
02 5786 Ha_azinu,https://raw.githubusercontent.com/rubin9family/newsletters/main/5786/2%205786%20Ha_azinu.pdf
03 5786 Sukkos Shabbos Chol Hamoed,https://raw.githubusercontent.com/rubin9family/newsletters/main/5786/3%205786%20Sukkos%20Shabbos%20Chol%20Hamoed.pdf
04 5786 Berashis,https://raw.githubusercontent.com/rubin9family/newsletters/main/5786/4%205786%20Berashis.pdf
05 5786 Noach,https://raw.githubusercontent.com/rubin9family/newsletters/main/5786/5%205786%20Noach.pdf
06 5786 Lech Lecha,https://raw.githubusercontent.com/rubin9family/newsletters/main/5786/6%205786%20Lech%20Lecha.pdf
07 5786 Vayeira,https://raw.githubusercontent.com/rubin9family/newsletters/main/5786/7%205786%20Vayeira.pdf
08 5786 Chayei Sarah,https://raw.githubusercontent.com/rubin9family/newsletters/main/5786/8%205786%20Chayei%20Sarah.pdf
09 5786 Toldos,https://raw.githubusercontent.com/rubin9family/newsletters/main/5786/9%205786%20Toldos.pdf
10 5785 Tetzaveh,https://raw.githubusercontent.com/rubin9family/newsletters/main/5785/10%205785%20Tetzaveh.pdf
11 5785 KI Sisa,https://raw.githubusercontent.com/rubin9family/newsletters/main/5785/11%205785%20KI%20Sisa.pdf
12 5785 Vayakel,https://raw.githubusercontent.com/rubin9family/newsletters/main/5785/12%205785%20Vayakel.pdf
14 5785 Pekudei,https://raw.githubusercontent.com/rubin9family/newsletters/main/5785/14%205785%20Pekudei.pdf
15 5785 Vayikra,https://raw.githubusercontent.com/rubin9family/newsletters/main/5785/15%205785%20Vayikra.pdf
16 5785 Shemini,https://raw.githubusercontent.com/rubin9family/newsletters/main/5785/16%205785%20Shemini.pdf
17 5785 Taz Metz,https://raw.githubusercontent.com/rubin9family/newsletters/main/5785/17%205785%20Taz%20Metz.pdf
18 5785 Achrei Kedoshim,https://raw.githubusercontent.com/rubin9family/newsletters/main/5785/18%205785%20Achrei%20Kedoshim.pdf
19 5785 Emor,https://raw.githubusercontent.com/rubin9family/newsletters/main/5785/19%205785%20Emor.pdf
20 5785 Behar-Bechukosai,https://raw.githubusercontent.com/rubin9family/newsletters/main/5785/20%205785%20Behar-Bechukosai.pdf
21 5785 Bamidbar,https://raw.githubusercontent.com/rubin9family/newsletters/main/5785/21%205785%20Bamidbar.pdf
22 5785 Naso,https://raw.githubusercontent.com/rubin9family/newsletters/main/5785/22%205785%20Naso.pdf
23 5785 Behaaloscha,https://raw.githubusercontent.com/rubin9family/newsletters/main/5785/23%205785%20Behaaloscha.pdf
24 5785 Shelach,https://raw.githubusercontent.com/rubin9family/newsletters/main/5785/24%205785%20Shelach.pdf
25 5785 Korach,https://raw.githubusercontent.com/rubin9family/newsletters/main/5785/25%205785%20Korach.pdf
26 5785 Ki Seitzei,https://raw.githubusercontent.com/rubin9family/newsletters/main/5785/26%205785%20Ki%20Seitzei.pdf
27 5785 Ki Savo,https://raw.githubusercontent.com/rubin9family/newsletters/main/5785/27%205785%20Ki%20Savo.pdf
28 5785 Nitzavim,https://raw.githubusercontent.com/rubin9family/newsletters/main/5785/28%205785%20Nitzavim.pdf
